{"2019": {"Accomack, VA": 11157984.763305195, "Adams, PA": 14465261.18066817, "Albemarle, VA": 6756576.476409358, "Alexandria, VA": 67453.78310678416, "Allegany, MD": 1547781.7001265269, "Allegany, NY": 8440939.152078731, "Alleghany, VA": 1064969.7452044168, "Amelia, VA": 7178621.799735467, "Amherst, VA": 3438926.4908089857, "Anne Arundel, MD": 2943810.8746838714, "Appomattox, VA": 4779968.805089099, "Arlington, VA": 123434.809927746, "Augusta, VA": 24636290.674711745, "Baltimore City, MD": 335142.96955982374, "Baltimore, MD": 8561054.17354525, "Bath, VA": 1299760.1093797595, "Bedford, PA": 16723354.9586638, "Bedford, VA": 11189169.900838174, "Berkeley, WV": 3604350.685724784, "Berks, PA": 34733910.57017941, "Blair, PA": 10625268.324268376, "Botetourt, VA": 4821334.119591539, "Bradford, PA": 16959454.213237453, "Broome, NY": 3816317.001700592, "Buckingham, VA": 6722057.096440205, "Buena Vista, VA": 32304.777897894783, "Calvert, MD": 2198749.9319921685, "Cambria, PA": 6160749.856096239, "Cameron, PA": 180902.30104426807, "Campbell, VA": 7309471.3900511395, "Carbon, PA": 1333856.6304803002, "Caroline, MD": 20209665.72260619, "Caroline, VA": 6058128.136398209, "Carroll, MD": 17328894.599370006, "Cecil, MD": 9073663.534666121, "Centre, PA": 13138882.822418852, "Charles City, VA": 2121979.429466149, "Charles, MD": 4041587.5108674807, "Charlottesville City, VA": 52272.05476411702, "Chemung, NY": 3147069.909805763, "Chenango, NY": 8475085.90027985, "Chesapeake City, VA": 5693865.046325199, "Chester, PA": 20253694.47113471, "Chesterfield, VA": 2104432.0284133097, "Clarke, VA": 4491137.5845091, "Clearfield, PA": 3824413.51705591, "Clinton, PA": 4432673.5670892885, "Colonial Heights City, VA": 44896.28325764318, "Columbia, PA": 9543477.196572803, "Cortland, NY": 7227850.975809491, "Covington City, VA": 25042.13533402207, "Craig, VA": 1671094.4165177902, "Culpeper, VA": 8219158.91215302, "Cumberland, PA": 22605787.021955136, "Cumberland, VA": 3882101.187029056, "Dauphin, PA": 9465763.949498316, "Delaware, NY": 6199201.91945971, "Dinwiddie, VA": 5224928.921003364, "District of Columbia, DC": 248319.70435101772, "Dorchester, MD": 14036062.735111116, "Elk, PA": 1100423.6688400765, "Essex, VA": 5271905.4293986205, "Fairfax City, VA": 33572.1203980751, "Fairfax, VA": 1818775.314312616, "Falls Church City, VA": 10012.076038139065, "Fauquier, VA": 13890953.227987694, "Fluvanna, VA": 2201681.331124003, "Franklin, PA": 37615483.845857926, "Frederick, MD": 22743764.557868212, "Frederick, VA": 5740022.271025189, "Fredericksburg City, VA": 56410.23319258681, "Fulton, PA": 6606719.203486673, "Garrett, MD": 6719564.2085810965, "Giles, VA": 2654389.049032636, "Gloucester, VA": 1797889.8297970463, "Goochland, VA": 2911853.707149232, "Grant, WV": 4022087.0319116856, "Greene, VA": 1571564.02515448, "Hampshire, WV": 5050210.162695733, "Hampton City, VA": 241779.1147726627, "Hanover, VA": 7829728.548011706, "Hardy, WV": 9413810.845884927, "Harford, MD": 9443698.29522203, "Harrisonburg City, VA": 194195.10671014115, "Henrico, VA": 1850711.2608554587, "Herkimer, NY": 8383682.456243187, "Highland, VA": 3248632.633891552, "Hopewell City, VA": 50535.753901697855, "Howard, MD": 3064574.88976257, "Huntingdon, PA": 10829543.520950481, "Indiana, PA": 12366779.932855204, "Isle Of Wight, VA": 5741369.838164539, "James City, VA": 500154.6158313963, "Jefferson, PA": 5352577.513404351, "Jefferson, WV": 5634131.387285163, "Juniata, PA": 9538466.459997114, "Kent, DE": 29463481.263421357, "Kent, MD": 16144782.957259236, "King And Queen, VA": 4305167.349561213, "King George, VA": 1637251.227074568, "King William, VA": 4269289.258784848, "Lackawanna, PA": 2083460.8725668017, "Lancaster, PA": 84359533.71051367, "Lancaster, VA": 1284346.7810867715, "Lebanon, PA": 21878344.29253077, "Lexington City, VA": 15627.692990044223, "Livingston, NY": 20598117.531164415, "Loudoun, VA": 8113993.996344181, "Louisa, VA": 4694492.969013617, "Luzerne, PA": 3343138.6021069977, "Lycoming, PA": 8257678.289812511, "Lynchburg City, VA": 185593.0525944708, "Madison, NY": 13475663.271714998, "Madison, VA": 6866452.456156754, "Manassas City, VA": 68669.16973058484, "Manassas Park City, VA": 16456.092100375194, "Mathews, VA": 536812.0531555437, "Mckean, PA": 1430428.4290099237, "Middlesex, VA": 2240623.123717062, "Mifflin, PA": 9980918.253275549, "Mineral, WV": 2521029.887996056, "Monroe, WV": 5910141.986375709, "Montgomery, MD": 7079330.771401654, "Montgomery, VA": 6052671.97721258, "Montour, PA": 4776866.339230631, "Morgan, WV": 679916.5976116759, "Nelson, VA": 3053973.608340272, "New Castle, DE": 8537065.40769116, "New Kent, VA": 1647564.2601258825, "Newport News City, VA": 260333.87919037175, "Norfolk City, VA": 251224.941790019, "Northampton, VA": 4167655.1489945524, "Northumberland, PA": 13907368.536645569, "Northumberland, VA": 3724740.5976947797, "Nottoway, VA": 3975790.2343499637, "Oneida, NY": 13474510.222406277, "Onondaga, NY": 16117718.425732158, "Ontario, NY": 19381953.877815176, "Orange, VA": 7286159.42628597, "Otsego, NY": 8422167.580853006, "Page, VA": 9228286.407099001, "Pendleton, WV": 6794894.881202881, "Perry, PA": 12971705.479586823, "Petersburg City, VA": 152949.7992614613, "Poquoson City, VA": 44395.86209937226, "Portsmouth City, VA": 150251.06803422995, "Potter, PA": 4814864.010626315, "Powhatan, VA": 2150772.0711061624, "Preston, WV": 5674445.840786045, "Prince Edward, VA": 3510464.608300429, "Prince George, VA": 2876318.145505881, "Prince Georges, MD": 3441464.639138649, "Prince William, VA": 2867810.2205706458, "Queen Annes, MD": 18966853.61877394, "Rappahannock, VA": 2961271.7775470084, "Richmond City, VA": 326713.9126734634, "Richmond, VA": 3226937.207375392, "Roanoke, VA": 1167342.6306075298, "Rockbridge, VA": 7664771.669695754, "Rockingham, VA": 42233005.083833575, "Schoharie, NY": 5776899.55115839, "Schuyler, NY": 4662159.977762186, "Schuylkill, PA": 9652339.18998626, "Shenandoah, VA": 11176104.754605738, "Snyder, PA": 12601255.50581398, "Somerset, MD": 11871704.841201473, "Somerset, PA": 17107991.630474817, "Spotsylvania, VA": 3201504.9436480636, "St. Marys, MD": 5414076.725588068, "Stafford, VA": 1859018.910161589, "Staunton City, VA": 241707.3297491145, "Steuben, NY": 24801515.873539764, "Suffolk City, VA": 5996693.970295339, "Sullivan, PA": 1749706.5472834273, "Surry, VA": 3700423.447943807, "Susquehanna, PA": 6251546.451959244, "Sussex, DE": 50229312.04001854, "Talbot, MD": 11958962.628965, "Tioga, NY": 5082505.486297984, "Tioga, PA": 11260989.98501355, "Tompkins, NY": 6422972.975745371, "Tucker, WV": 835470.8395701766, "Union, PA": 9989496.211811999, "Virginia Beach City, VA": 3272994.8843921726, "Warren, VA": 2036456.4430743977, "Washington, MD": 14603480.760993155, "Wayne, PA": 3753479.0308908015, "Waynesboro City, VA": 122378.5604359351, "Westmoreland, VA": 4291284.2223489145, "Wicomico, MD": 11836321.717565756, "Williamsburg City, VA": 32181.14283483111, "Winchester City, VA": 64479.819104825045, "Worcester, MD": 17424269.719329473, "Wyoming, PA": 2315515.0488188392, "Yates, NY": 10190049.946228232, "York, PA": 30715125.32055385, "York, VA": 265671.97490428877}}